image_id,severity,saturation_ratio,entropy_bits
000000000009,0,0.109912109375,7.940080994946059
000000000009,1,0.080908203125,7.9320488604186306
000000000009,2,0.07131184895833333,7.926479918396803
000000000009,3,0.059244791666666664,7.9133296237379165
000000000009,4,0.05142578125,7.8947691731160194
000000000009,5,0.04669921875,7.880782640997069
000000000025,0,0.021192781690140845,7.695332158004064
000000000025,1,0.002849911971830986,7.535432164231777
000000000025,2,0.0015735035211267606,7.491795530820039
000000000025,3,0.0003851232394366197,7.422989250843701
000000000025,4,0.00017605633802816902,7.377276546813612
000000000025,5,2.2007042253521128e-05,7.361195991809128
000000000030,0,0.011415741822429907,7.459474219331856
000000000030,1,0.005625730140186916,7.447660624062486
000000000030,2,0.007316004672897196,7.43063922192237
000000000030,3,0.0014493282710280374,7.421638105839248
000000000030,4,0.0013325058411214953,7.395973773337483
000000000030,5,0.00013507593457943925,7.403421035911203
000000000034,0,0.008794117647058824,7.673626648734539
000000000034,1,0.0017242647058823529,7.422718905358124
000000000034,2,0.0,7.247223338194161
000000000034,3,1.4705882352941177e-05,7.088021354199546
000000000034,4,1.4705882352941177e-05,7.000616507467809
000000000034,5,0.0,6.951403582603265
000000000036,0,0.006081081081081081,7.555936080738386
000000000036,1,3.2484407484407486e-06,7.417387438625467
000000000036,2,3.2484407484407486e-06,7.383827571049607
000000000036,3,0.0,7.335637438167627
000000000036,4,0.0,7.303407370541102
000000000036,5,0.0,7.248985719419361
000000000042,0,0.0943416579497908,7.785670115198451
000000000042,1,0.06859636506276151,7.781119838339553
000000000042,2,0.06845253661087866,7.762805452346287
000000000042,3,0.053013859832635984,7.783221727534309
000000000042,4,0.027749084728033474,7.813749981372724
000000000042,5,0.02314003661087866,7.813120679953984
000000000049,0,0.07647769028871391,7.783715003584537
000000000049,1,0.0644514435695538,7.7722292914060205
000000000049,2,0.061039370078740156,7.762230418770422
000000000049,3,0.057543307086614176,7.75049275907967
000000000049,4,0.05388976377952756,7.70345887681391
000000000049,5,0.05149606299212599,7.742581227746699
000000000061,0,0.1316342213114754,7.823226208112303
000000000061,1,0.06154905225409836,7.792166678356527
000000000061,2,0.052132428278688525,7.742087509047294
000000000061,3,0.04333376024590164,7.683631354080164
000000000061,4,0.04449282786885246,7.62428161973803
000000000061,5,0.03448706454918033,7.589324545161629
000000000064,0,0.09981770833333334,7.481417785325058
000000000064,1,0.09015625,7.514720886855861
000000000064,2,0.08668294270833334,7.514866018772368
000000000064,3,0.0762109375,7.550868152660327
000000000064,4,0.06868815104166667,7.5107991889251
000000000064,5,0.06681640625,7.5664741903714745
000000000071,0,0.0019366197183098592,6.999671005422429
000000000071,1,0.0003851232394366197,6.874984676960914
000000000071,2,0.0,6.803792638772798
000000000071,3,0.0,6.797458120922961
000000000071,4,0.0,6.718308108596704
000000000071,5,0.0,6.772744855793982
000000000072,0,0.002019906323185012,7.397378122442898
000000000072,1,0.00010611826697892272,7.20052472122325
000000000072,2,1.829625292740047e-05,7.118972359801362
000000000072,3,0.0,7.037241040789256
000000000072,4,0.0,6.974510868101085
000000000072,5,0.0,6.858961634767431
000000000073,0,0.04474280973451327,7.7405921693942625
000000000073,1,0.02612555309734513,7.512195781056702
000000000073,2,0.01956858407079646,7.4470263177638065
000000000073,3,0.013476216814159291,7.439640453137632
000000000073,4,0.015351216814159291,7.315730913073072
000000000073,5,0.007118362831858407,7.281471975792803
000000000074,0,0.048195422535211266,7.8542818435314405
000000000074,1,0.03393485915492958,7.835455027507506
000000000074,2,0.03192855046948357,7.825703061080665
000000000074,3,0.020844336854460094,7.786107496236857
000000000074,4,0.02292400234741784,7.776186454443351
000000000074,5,0.01918280516431925,7.759276035342159
000000000077,0,0.05058133333333333,7.881668373426174
000000000077,1,0.037056,7.822211544651506
000000000077,2,0.03479466666666667,7.804015576734008
000000000077,3,0.032794666666666666,7.791761922257552
000000000077,4,0.029216,7.795567783061014
000000000077,5,0.029749333333333332,7.753636192025466
000000000078,0,0.010615575206117306,7.522211392192154
000000000078,1,0.00826872143192789,7.48621633957509
000000000078,2,0.007609252851467384,7.469481268893917
000000000078,3,0.0070005126233499936,7.448117951769052
000000000078,4,0.00530244777649622,7.472303506569375
000000000078,5,0.00501676705540604,7.464261101768367
000000000081,0,0.0005514705882352941,7.124354717105351
000000000081,1,0.00020220588235294118,7.122847370760806
000000000081,2,0.0,7.098920890042944
000000000081,3,0.0,7.142407075825442
000000000081,4,0.0,7.169836824441676
000000000081,5,0.0,7.174296733952222
000000000086,0,0.0165496826171875,7.887377269892315
000000000086,1,0.005572509765625,7.862399997246031
000000000086,2,0.0032745361328125,7.839179739773769
000000000086,3,0.0018341064453125,7.813743202750962
000000000086,4,0.000665283203125,7.771518229307576
000000000086,5,8.85009765625e-05,7.750659348493561
000000000089,0,0.046399739583333335,7.678925539566943
000000000089,1,0.03569010416666667,7.666835188086177
000000000089,2,0.026975911458333335,7.658673581331784
000000000089,3,0.016927083333333332,7.646854801350022
000000000089,4,0.011145833333333334,7.645754887229376
000000000089,5,0.006575520833333333,7.62668005888824
000000000092,0,0.003125,7.47447015221782
000000000092,1,0.0008709016393442623,7.4530578933756715
000000000092,2,0.0006550058548009368,7.453568736234585
000000000092,3,0.0005598653395784543,7.444566900699152
000000000092,4,0.00045740632318501173,7.437482659637819
000000000092,5,0.0,7.418620933612729
000000000094,0,0.055042447306791566,7.746035126368531
000000000094,1,0.03568867096018735,7.616627444295848
000000000094,2,0.039263758782201404,7.602031222616021
000000000094,3,0.034060304449648714,7.561900564973316
000000000094,4,0.03522760538641686,7.4895617351948935
000000000094,5,0.036910860655737704,7.476790171328618
000000000109,0,0.005168269230769231,7.813855911626594
000000000109,1,1.5024038461538462e-05,7.635436206085437
000000000109,2,7.512019230769231e-06,7.603618443376192
000000000109,3,0.0,7.563464032872737
000000000109,4,0.0,7.523788724659799
000000000109,5,0.0,7.510901936688992
000000000110,0,0.027975260416666668,7.783326737504143
000000000110,1,0.018626302083333334,7.756243104096024
000000000110,2,0.013056640625,7.751885733360995
000000000110,3,0.010572916666666666,7.740146951082055
000000000110,4,0.005162760416666667,7.737956501410256
000000000110,5,0.003411458333333333,7.7257510155151135
000000000113,0,0.007771183894230769,7.695889729791967
000000000113,1,0.0010554387019230769,7.660673901028959
000000000113,2,6.385216346153847e-05,7.676451978973132
000000000113,3,9.765625e-05,7.653306699752598
000000000113,4,0.0,7.70235560647404
000000000113,5,7.512019230769231e-06,7.695223050570488
000000000127,0,0.021144100831600832,7.598633700944549
000000000127,1,0.010135135135135136,7.603138909319531
000000000127,2,0.007347972972972973,7.608781030696724
000000000127,3,0.005447635135135135,7.604607032262267
000000000127,4,0.004372401247401248,7.608110257452537
000000000127,5,0.003306912681912682,7.617041466267306
000000000133,0,0.013258463541666666,7.39501352980432
000000000133,1,0.011282552083333333,7.335676165154734
000000000133,2,0.0127734375,7.332129077600993
000000000133,3,0.012626953125,7.31133628431656
000000000133,4,0.013649088541666667,7.254961865019599
000000000133,5,0.011953125,7.27089182779952
000000000136,0,0.008037433155080214,7.794591765176332
000000000136,1,0.005438502673796791,7.76666097704232
000000000136,2,0.004818181818181818,7.753834104560907
000000000136,3,0.004668449197860963,7.740664128614244
000000000136,4,0.0037433155080213902,7.722669074434026
000000000136,5,0.0020855614973262033,7.69615231393636
000000000138,0,0.054035776614310645,7.507906416030093
000000000138,1,0.03252890488656195,7.449158359376317
000000000138,2,0.024792757417102965,7.439343145511802
000000000138,3,0.030219240837696334,7.396553238758583
000000000138,4,0.02337750872600349,7.341722846384769
000000000138,5,0.031637216404886565,7.3859757264415835
000000000142,0,0.0030436197916666667,7.716806158307608
000000000142,1,0.0015657552083333333,7.709575229380566
000000000142,2,0.0013020833333333333,7.709540993447108
000000000142,3,0.000859375,7.710221040042007
000000000142,4,0.00030598958333333335,7.703796753218551
000000000142,5,6.8359375e-05,7.681764891148589
000000000143,0,0.18134,5.094120694126806
000000000143,1,0.11529333333333333,5.051201086857434
000000000143,2,0.1069,5.247184978394291
000000000143,3,0.09775666666666667,5.436421658130742
000000000143,4,0.09019333333333333,5.610958867482907
000000000143,5,0.08812,5.653359815862991
000000000144,0,0.032389322916666664,7.8252204004546675
000000000144,1,0.003932291666666666,7.545926807879058
000000000144,2,0.0025553385416666667,7.481567017421702
000000000144,3,0.0012369791666666666,7.429691085813715
000000000144,4,0.0010807291666666667,7.345838233150572
000000000144,5,8.463541666666667e-05,7.281613681759698
000000000149,0,9.126752336448598e-05,6.9168595842563825
000000000149,1,0.0,6.808806115873549
000000000149,2,0.0,6.798574786254704
000000000149,3,0.0,6.737383484951958
000000000149,4,0.0,6.716420352740779
000000000149,5,0.0,6.705217422769035
000000000151,0,0.017669270833333334,7.748440892655144
000000000151,1,0.0006282552083333333,7.52144345547502
000000000151,2,0.00013346354166666666,7.4359911162725565
000000000151,3,0.0,7.373670458810047
000000000151,4,0.0,7.322865639057093
000000000151,5,0.0,7.281257662801635
000000000154,0,0.00010611826697892272,6.892361374771551
000000000154,1,0.0,6.576010971972936
000000000154,2,0.0,6.485199862329383
000000000154,3,0.0,6.315198809211019
000000000154,4,0.0,6.179944623706171
000000000154,5,0.0,6.276725967673484
000000000164,0,0.023916015625,7.507511220057838
000000000164,1,0.019700520833333332,7.496686816947504
000000000164,2,0.017610677083333335,7.4842528460443525
000000000164,3,0.018876953125,7.463013456664696
000000000164,4,0.012503255208333333,7.447917737627061
000000000164,5,0.016044921875,7.459401914082207
000000000165,0,0.023049790111940298,7.758831696539199
000000000165,1,0.01140683302238806,7.744121430926582
000000000165,2,0.0077512826492537315,7.739212813029231
000000000165,3,0.0055183069029850745,7.727217694179181
000000000165,4,0.005081040111940298,7.718144262169099
000000000165,5,0.0034106809701492536,7.691077021279213
000000000192,0,0.00369140625,7.154060628041471
000000000192,1,0.00013671875,6.950432848577389
000000000192,2,5.5338541666666664e-05,6.90836250113343
000000000192,3,9.765625e-06,6.913036510994583
000000000192,4,0.0,6.800275407130895
000000000192,5,0.0,6.7785782677095305
000000000194,0,3.255208333333333e-05,7.507038981471732
000000000194,1,0.0,7.462739779958538
000000000194,2,0.0,7.442068285992741
000000000194,3,0.0,7.416932445491732
000000000194,4,0.0,7.382180981141903
000000000194,5,0.0,7.36042156654592
000000000196,0,0.0013704427083333333,7.5621246033271925
000000000196,1,1.953125e-05,7.468131733653946
000000000196,2,0.0,7.425040864397678
000000000196,3,0.0,7.3705639969253705
000000000196,4,0.0,7.2890654951799405
000000000196,5,0.0,7.253981891922736
000000000201,0,0.03405738901869159,7.219269921802358
000000000201,1,0.018439690420560748,7.232420789741963
000000000201,2,0.014445823598130842,7.22845268710727
000000000201,3,0.012383177570093457,7.245608894560855
000000000201,4,0.012934433411214953,7.282885990160818
000000000201,5,0.01028767523364486,7.290490850812574
000000000208,0,0.0002669270833333333,7.135852368119446
000000000208,1,9.765625e-06,7.09527898773683
000000000208,2,0.0,7.089362004497513
000000000208,3,0.0,7.072533349693743
000000000208,4,0.0,7.054938924948719
000000000208,5,0.0,7.043248875791626
000000000241,0,0.000654296875,7.252527022381026
000000000241,1,2.2786458333333334e-05,7.1510298921252105
000000000241,2,0.0,7.127172680814866
000000000241,3,0.0,7.070236969143492
000000000241,4,0.0,7.011856751636267
000000000241,5,0.0,6.961181407700344
000000000247,0,0.009452387971698114,7.533040399823809
000000000247,1,0.001986291273584906,7.475092147938163
000000000247,2,0.0009876179245283019,7.462412864104925
000000000247,3,0.00011055424528301887,7.46215809953159
000000000247,4,0.0007996757075471699,7.449295086226272
000000000247,5,0.0,7.449205421004578
000000000250,0,0.008352864583333333,7.477289224007745
000000000250,1,0.0023860677083333334,7.355047442140519
000000000250,2,0.0015787760416666667,7.310023886225682
000000000250,3,0.0012858072916666667,7.297591646109367
000000000250,4,0.0003841145833333333,7.300338539952705
000000000250,5,0.0,7.300758260808067
000000000257,0,0.014905598958333334,7.63196684464623
000000000257,1,0.0060416666666666665,7.5758045019792775
000000000257,2,0.0023177083333333335,7.524584373357724
000000000257,3,0.0014583333333333334,7.4944005296869385
000000000257,4,0.00134765625,7.501336336748322
000000000257,5,0.0007291666666666667,7.468582322591785
000000000260,0,0.01206006006006006,7.1936071639997525
000000000260,1,0.007093093093093093,7.122573038134963
000000000260,2,0.004900900900900901,7.074699247894532
000000000260,3,0.0034234234234234236,7.006591265297768
000000000260,4,0.002258258258258258,6.95869273358799
000000000260,5,0.002936936936936937,7.02528698415293
000000000263,0,0.0019299915397631134,7.515685567188033
000000000263,1,0.0006186548223350253,7.482319296022034
000000000263,2,0.00028024534686971235,7.460592549467174
000000000263,3,0.0,7.419819151701767
000000000263,4,0.0,7.360617246177899
000000000263,5,0.0,7.346888371908837
000000000283,0,0.005636682242990654,7.633219343233644
000000000283,1,0.0005293516355140186,7.590675066591296
000000000283,2,0.00046728971962616824,7.579411752350506
000000000283,3,3.2856308411214954e-05,7.556209426471581
000000000283,4,0.0,7.525897786053912
000000000283,5,0.0,7.501201775787827
000000000294,0,0.00017930327868852458,6.7917417582356014
000000000294,1,0.0,6.788551917431578
000000000294,2,0.0,6.796923651074906
000000000294,3,0.0,6.804902233470981
000000000294,4,0.0,6.78190200306458
000000000294,5,0.0,6.825028114724903
000000000307,0,0.00525390625,7.230888247361279
000000000307,1,0.002578125,6.76746866569311
000000000307,2,0.0015104166666666666,6.730084589806442
000000000307,3,0.0014029947916666668,6.618322963232663
000000000307,4,0.000361328125,6.541990375355823
000000000307,5,0.0,6.5231394230031015
000000000308,0,0.055927230046948356,7.89284022564428
000000000308,1,0.04887030516431925,7.84799573004917
000000000308,2,0.041156836854460095,7.83634461511859
000000000308,3,0.04319982394366197,7.805266987922225
000000000308,4,0.03297755281690141,7.794376229695567
000000000308,5,0.03589715375586854,7.7676150060308355
000000000309,0,0.07906666666666666,7.739511114356937
000000000309,1,0.028541666666666667,7.706929792467566
000000000309,2,0.021916666666666668,7.675956042494036
000000000309,3,0.012675,7.648311382681899
000000000309,4,0.016641666666666666,7.613803370635229
000000000309,5,0.018966666666666666,7.594413502489249
000000000312,0,0.013539227166276346,7.838861692395954
000000000312,1,3.293325526932084e-05,7.725408941216795
000000000312,2,0.0,7.684026976006738
000000000312,3,0.0,7.647907252770793
000000000312,4,0.0,7.614807527068518
000000000312,5,0.0,7.594823841437432
000000000315,0,0.024897540983606557,7.403070867948699
000000000315,1,0.018578015222482435,7.311833249893
000000000315,2,0.012181645199063233,7.238181321249426
000000000315,3,0.011896223653395785,7.223382554596533
000000000315,4,0.006948916861826698,7.119129763557867
000000000315,5,0.006509806791569086,7.134602930906235
000000000321,0,0.0389453125,7.698638970155002
000000000321,1,0.024775390625,7.66164836260392
000000000321,2,0.019498697916666665,7.6549422869030685
000000000321,3,0.012688802083333334,7.6164894846438065
000000000321,4,0.008264973958333333,7.581532897499464
000000000321,5,0.01205078125,7.579622600910457
000000000322,0,4.222972972972973e-05,5.874176848204741
000000000322,1,6.496881496881497e-06,5.792837305645724
000000000322,2,0.0,5.772743381587099
000000000322,3,0.0,5.733615095767015
000000000322,4,0.0,5.722378607248994
000000000322,5,0.0,5.701713758317043
000000000326,0,0.0042264344262295086,5.8183798230718295
000000000326,1,0.001994291569086651,5.78009541182987
000000000326,2,0.0007684426229508197,5.7968642917712465
000000000326,3,0.00015368852459016395,5.82191883133649
000000000326,4,8.782201405152225e-05,5.849375570114532
000000000326,5,0.0,5.8690945178070315
000000000328,0,0.18725496435845213,7.209651391893137
000000000328,1,0.16594641038696537,7.4269106117901185
000000000328,2,0.16381746435845213,7.459827707078327
000000000328,3,0.1545665733197556,7.530022075992647
000000000328,4,0.1510692464358452,7.502084948233694
000000000328,5,0.1448542515274949,7.609632331152509
000000000332,0,0.00021158854166666667,7.282164508964549
000000000332,1,3.2552083333333335e-06,7.229836294240742
000000000332,2,0.0,7.1986911900468
000000000332,3,0.0,7.15230005015555
000000000332,4,0.0,7.112152838592286
000000000332,5,0.0,7.0811402306066915
000000000338,0,0.018382071865443425,7.836610168084626
000000000338,1,0.0019399847094801223,7.838584256926682
000000000338,2,0.0009030963302752294,7.846842611175292
000000000338,3,0.00041571100917431195,7.841695277019371
000000000338,4,0.0003631498470948012,7.838159747375186
000000000338,5,0.0,7.791948116529495
000000000349,0,0.17337239583333333,7.385754277825142
000000000349,1,0.16819010416666666,7.3769838158775745
000000000349,2,0.166748046875,7.390748767393422
000000000349,3,0.16398111979166666,7.392789094377559
000000000349,4,0.147783203125,7.367395225544694
000000000349,5,0.15581380208333334,7.389971898908264
000000000357,0,0.013496272935779817,6.484421586758808
000000000357,1,0.0010822821100917432,6.354803242701609
000000000357,2,7.884174311926606e-05,6.23175110709272
000000000357,3,7.167431192660551e-06,6.099835232338514
000000000357,4,0.0,6.027931074312997
000000000357,5,0.00013618119266055047,6.18389218499875
000000000359,0,0.08648192771084337,5.988111460549622
000000000359,1,0.07379518072289157,6.10390228250049
000000000359,2,0.07128915662650602,6.204422084297926
000000000359,3,0.06788554216867469,6.16017709826647
000000000359,4,0.06564457831325302,6.225717842708063
000000000359,5,0.05739759036144578,6.490228517915378
000000000360,0,0.220352,7.166923777797567
000000000360,1,0.18539733333333333,7.206957322751254
000000000360,2,0.188512,7.181401193401204
000000000360,3,0.18663466666666667,7.177384978024383
000000000360,4,0.19163733333333333,7.110152862547121
000000000360,5,0.19533333333333333,7.127597524308177
000000000368,0,0.009163411458333333,7.69926131073177
000000000368,1,0.00041015625,7.455090065683507
000000000368,2,4.2317708333333335e-05,7.31474741231776
000000000368,3,0.0,7.227851130535823
000000000368,4,0.0,7.173044898146262
000000000368,5,0.0,7.087973661518601
000000000370,0,0.0003483072916666667,7.689199385797875
000000000370,1,3.255208333333333e-05,7.673759708440633
000000000370,2,3.2552083333333335e-06,7.6636183977705326
000000000370,3,0.0,7.648083131467927
000000000370,4,6.510416666666667e-06,7.632069551571813
000000000370,5,0.0,7.6111024654082495
000000000382,0,0.003160807291666667,7.485982716626939
000000000382,1,6.510416666666667e-06,7.4269388119321365
000000000382,2,0.000361328125,7.439069170985952
000000000382,3,0.0,7.387552394384361
000000000382,4,0.0,7.378767687267322
000000000382,5,0.00010091145833333333,7.419531943284879
000000000384,0,0.027529428251121077,7.25913127237847
000000000384,1,0.02204666479820628,7.256461988070431
000000000384,2,0.021139293721973096,7.274438221606333
000000000384,3,0.017790078475336323,7.283711600710092
000000000384,4,0.015922785874439464,7.277133927324609
000000000384,5,0.013960902466367713,7.281549580839486
000000000387,0,0.104541015625,7.505036692773476
000000000387,1,0.091689453125,7.454274271967096
000000000387,2,0.0865625,7.465750365711703
000000000387,3,0.0802734375,7.4689651405064925
000000000387,4,0.0713671875,7.4789068381355674
000000000387,5,0.07286783854166666,7.488864122685147
000000000389,0,0.008548177083333334,7.400206855763834
000000000389,1,0.0035514322916666667,7.396693262876813
000000000389,2,0.0015234375,7.389032928969062
000000000389,3,0.00023763020833333335,7.379104897323378
000000000389,4,3.90625e-05,7.412641223403181
000000000389,5,3.580729166666667e-05,7.418666017226917
000000000394,0,0.013975552373158756,7.580620113316549
000000000394,1,0.01019077332242226,7.517698306048085
000000000394,2,0.009068126022913257,7.501872899069557
000000000394,3,0.008344414893617022,7.487730402472519
000000000394,4,0.005572319967266775,7.4796351875499605
000000000394,5,0.004321808510638298,7.469729959922134
000000000395,0,0.028348599137931033,7.72216962918143
000000000395,1,0.024496228448275863,7.699062076640203
000000000395,2,0.021748383620689656,7.696598099949037
000000000395,3,0.019639008620689655,7.675351032069525
000000000395,4,0.01675915948275862,7.657892599995614
000000000395,5,0.011821120689655172,7.655830298016582
000000000397,0,0.0783203125,7.675858177720079
000000000397,1,0.060944010416666666,7.656156263538471
000000000397,2,0.04634765625,7.642615262251276
000000000397,3,0.034287109375,7.624935863909178
000000000397,4,0.030341796875,7.617483991841413
000000000397,5,0.026373697916666668,7.600303971614791
000000000400,0,0.000641653605015674,7.70879794527465
000000000400,1,1.7143416927899687e-05,7.6408497236799295
000000000400,2,0.0,7.63142419869606
000000000400,3,0.0,7.629383964413475
000000000400,4,0.0,7.634625794243032
000000000400,5,0.0,7.56361087192271
000000000404,0,0.0021566901408450706,7.440956438542185
000000000404,1,0.0005905223004694836,7.363561977389004
000000000404,2,4.768192488262911e-05,7.322527361967422
000000000404,3,0.0,7.304127111625429
000000000404,4,0.0,7.290046291062678
000000000404,5,0.0,7.289868285117777
000000000415,0,0.0011055013927576602,6.624729742662078
000000000415,1,0.0,6.48171981915938
000000000415,2,6.528551532033427e-05,6.44316284617077
000000000415,3,0.0,6.431728362799808
000000000415,4,0.0,6.4156638217207975
000000000415,5,0.0,6.428294912645514
000000000419,0,0.019072265625,7.090118754781218
000000000419,1,0.0033072916666666667,6.992373397341428
000000000419,2,0.0019205729166666666,6.939380865921072
000000000419,3,0.0010514322916666667,6.964594262636645
000000000419,4,0.00013997395833333334,6.872667736999939
000000000419,5,0.00024739583333333335,6.874416578974511
000000000428,0,0.00019097222222222223,7.033479611221276
000000000428,1,8.246527777777778e-05,6.982282512433963
000000000428,2,2.604166666666667e-05,6.956423763859169
000000000428,3,0.0,6.925322142395492
000000000428,4,0.0,6.890803184048384
000000000428,5,0.0,6.877893182074772
000000000431,0,0.005245822622107969,6.8643649421786135
000000000431,1,0.0017512853470437017,6.7964103854464355
000000000431,2,0.000490038560411311,6.774135611944818
000000000431,3,0.00022493573264781492,6.767175818218614
000000000431,4,0.00011246786632390746,6.676894323211161
000000000431,5,0.0,6.664679365887516
000000000436,0,0.01643003512880562,7.537293492215815
000000000436,1,0.013502634660421545,7.520993949129443
000000000436,2,0.013813670960187353,7.528080807766447
000000000436,3,0.010692330210772833,7.506235148565148
000000000436,4,0.00742096018735363,7.492637721135821
000000000436,5,0.005148565573770492,7.4869997177041245
000000000438,0,0.0011067708333333333,7.642178198433553
000000000438,1,0.0,7.610635975913017
000000000438,2,0.0,7.6125449111279515
000000000438,3,0.0,7.6097685565905815
000000000438,4,0.0,7.5997904325409955
000000000438,5,0.0,7.592225166453769
000000000443,0,0.00013020833333333333,7.536117017188149
000000000443,1,0.0,7.5120821494148045
000000000443,2,0.0,7.50084743714656
000000000443,3,0.0,7.481839208552492
000000000443,4,0.0,7.468809397285719
000000000443,5,0.0,7.440635182200966
000000000446,0,0.0011588541666666668,6.563219884077113
000000000446,1,8.463541666666667e-05,6.522212782026563
000000000446,2,0.0,6.518530204025291
000000000446,3,0.0,6.520699830367645
000000000446,4,0.0,6.535138998807424
000000000446,5,0.0,6.541949581727039
000000000450,0,0.0007096354166666667,7.281169852477393
000000000450,1,2.2786458333333334e-05,7.238873795718759
000000000450,2,0.0,7.215210544142526
000000000450,3,0.0,7.170987023443212
000000000450,4,0.0,7.131349028509135
000000000450,5,0.0,7.112175781720396
000000000459,0,0.01392623546511628,7.314615787985704
000000000459,1,0.012000363372093023,7.2829996778466555
000000000459,2,0.010861797480620154,7.281510575627001
000000000459,3,0.007972989341085271,7.281452430100955
000000000459,4,0.007491521317829457,7.280355285657055
000000000459,5,0.006316618217054264,7.275541390748431
000000000471,0,0.24340968969555035,7.478528393759161
000000000471,1,0.23087309718969556,7.459413556788659
000000000471,2,0.22561475409836065,7.459675892525333
000000000471,3,0.21810963114754098,7.461245418289492
000000000471,4,0.212865925058548,7.460113541870233
000000000471,5,0.1975556206088993,7.443123632677641
000000000472,0,0.0005600110619469027,5.506843863635682
000000000472,1,0.0,5.462131561211619
000000000472,2,0.0,5.478838443644207
000000000472,3,0.0,5.478275817311184
000000000472,4,0.0,5.4790382398276805
000000000472,5,0.0,5.5059115781576295
000000000474,0,0.02896696696696697,7.181405186466796
000000000474,1,0.016834834834834833,6.960545202419594
000000000474,2,0.012234234234234235,6.932562456026956
000000000474,3,0.007387387387387387,6.903576966970048
000000000474,4,0.004726726726726727,6.906896053953418
000000000474,5,0.0055975975975975974,6.830811089478353
000000000486,0,0.036643735362997656,7.874054209379931
000000000486,1,0.024319379391100703,7.823852419099246
000000000486,2,0.016883782201405153,7.77833619007446
000000000486,3,0.015046838407494146,7.7567976970658155
000000000486,4,0.0085846018735363,7.707322891624082
000000000486,5,0.007384367681498829,7.699484129424269
000000000488,0,0.003455972906403941,7.2767873542345125
000000000488,1,0.0003155788177339902,7.170620996828478
000000000488,2,3.848522167487685e-05,7.122988899612438
000000000488,3,0.0,7.099780141143839
000000000488,4,0.0,7.097815861434878
000000000488,5,0.0,7.0833890867718265
000000000490,0,0.0,6.976806101250459
000000000490,1,0.0,6.9445932018349374
000000000490,2,0.0,6.945563655608007
000000000490,3,0.0,6.965995552260623
000000000490,4,0.0,6.980696618663391
000000000490,5,0.0,6.991545038215083
000000000491,0,0.08006389776357828,7.684330494004702
000000000491,1,0.06337380191693291,7.7072337539822
000000000491,2,0.058798722044728434,7.7040142127022975
000000000491,3,0.042236421725239615,7.7242035809461065
000000000491,4,0.029591054313099042,7.734481024175499
000000000491,5,0.02085623003194888,7.72915377905715
000000000502,0,0.004387441451990632,7.593965280295721
000000000502,1,0.00016100702576112412,7.311921032796406
000000000502,2,2.927400468384075e-05,7.26071926498309
000000000502,3,0.0,7.144124061222612
000000000502,4,0.0,7.108567390034601
000000000502,5,0.0,7.1022575720211565
000000000508,0,0.047744140625,7.543202043328134
000000000508,1,0.045530598958333335,7.519735462884837
000000000508,2,0.04519856770833333,7.514106265866564
000000000508,3,0.042099609375,7.508910472253445
000000000508,4,0.04107747395833333,7.503325157658916
000000000508,5,0.037760416666666664,7.487134622569124
000000000510,0,0.12866861979166666,7.943516213855537
000000000510,1,0.10330403645833333,7.893601008646905
000000000510,2,0.10241861979166667,7.887488575808252
000000000510,3,0.09085286458333333,7.8329107478937745
000000000510,4,0.09305013020833333,7.776759238687367
000000000510,5,0.092353515625,7.73867231761011
000000000514,0,0.018311631944444445,7.34254616685414
000000000514,1,0.010959201388888888,7.319443538057792
000000000514,2,0.008901909722222223,7.3123900636926065
000000000514,3,0.004835069444444445,7.295773925846506
000000000514,4,0.0026085069444444445,7.278691776918773
000000000514,5,0.0029817708333333332,7.2694744774958675
000000000520,0,0.018720703125,7.772485732423926
000000000520,1,0.010875651041666667,7.818913120822529
000000000520,2,0.009195963541666666,7.8248280429570665
000000000520,3,0.010130208333333333,7.806837119709167
000000000520,4,0.007278645833333333,7.829466953316409
000000000520,5,0.004173177083333333,7.822601557824115
000000000529,0,0.022453161592505856,7.8255121691690555
000000000529,1,0.005170521077283372,7.7730487233808745
000000000529,2,0.0031432962529274007,7.757803225639035
000000000529,3,0.0008452868852459016,7.736568982074145
000000000529,4,0.00026346604215456674,7.720809684055398
000000000529,5,0.0009989754098360655,7.710786726454082
000000000531,0,0.001728515625,7.495847976464988
000000000531,1,0.00013020833333333333,7.455500315537673
000000000531,2,1.6276041666666666e-05,7.447217659131176
000000000531,3,0.0,7.427670612912705
000000000531,4,0.0,7.419629314660909
000000000531,5,0.0,7.420013970370938
000000000532,0,0.11594075520833333,7.302596731604569
000000000532,1,0.09766927083333334,7.3010116356753905
000000000532,2,0.09143229166666667,7.343806166211505
000000000532,3,0.08850260416666667,7.350487109299341
000000000532,4,0.09201497395833333,7.232748748824667
000000000532,5,0.08764973958333333,7.29917134852208
000000000536,0,0.006291188350340136,6.924436452524003
000000000536,1,0.004623724489795918,6.855058341774097
000000000536,2,0.005400988520408163,6.838332501889534
000000000536,3,0.002590880102040816,6.819205100806061
000000000536,4,0.001999627976190476,6.806026053337254
000000000536,5,0.0005978954081632653,6.79066204397382
000000000540,0,0.008544117647058824,7.650860795509599
000000000540,1,0.0008161764705882353,7.484077671435257
000000000540,2,0.00011764705882352942,7.41233831164355
000000000540,3,1.1029411764705883e-05,7.342566960600476
000000000540,4,4.411764705882353e-05,7.39374181865399
000000000540,5,0.0,7.2814631028962715
000000000542,0,0.005165289256198347,7.099792575125889
000000000542,1,8.070764462809918e-05,7.082938483801144
000000000542,2,6.456611570247934e-06,7.109187722246293
000000000542,3,0.0,7.14392669105739
000000000542,4,0.0,7.148546054650227
000000000542,5,0.0,7.091006668804912
000000000544,0,0.006173155737704918,7.364377313932942
000000000544,1,1.4637002341920375e-05,7.0250478644234295
000000000544,2,1.4637002341920375e-05,6.923678401221238
000000000544,3,1.0977751756440281e-05,6.799342416672102
000000000544,4,0.0,6.68955810520591
000000000544,5,0.0,6.614813808080956
000000000560,0,0.03599498327759197,7.807238860845859
000000000560,1,0.005776198439241918,7.679169837594859
000000000560,2,0.0024944258639910816,7.626469955057237
000000000560,3,0.0006340579710144927,7.566568089045099
000000000560,4,0.0005992196209587514,7.564440419462799
000000000560,5,6.967670011148272e-06,7.48203980448945
000000000562,0,0.0,6.486687333763241
000000000562,1,0.0,6.473376272139447
000000000562,2,0.0,6.463670134490592
000000000562,3,0.0,6.448185031887408
000000000562,4,0.0,6.432078978708833
000000000562,5,0.0,6.418008121240859
000000000564,0,0.010546875,5.779999045187853
000000000564,1,0.003816105769230769,5.916041949234019
000000000564,2,0.0025150240384615385,5.951397695967113
000000000564,3,0.001358173076923077,5.892607392998604
000000000564,4,0.0014813701923076922,5.930694533617337
000000000564,5,0.00012920673076923078,6.072876228385918
000000000569,0,8.463541666666667e-05,7.035044851189588
000000000569,1,0.0,6.89364416367456
000000000569,2,0.0,6.847273020836903
000000000569,3,0.0,6.856675566467168
000000000569,4,0.0,6.830221732550956
000000000569,5,0.0,6.822352266911182
000000000572,0,0.004456967213114754,7.349594565096944
000000000572,1,0.0030627927400468384,7.3134592729919214
000000000572,2,0.0035348360655737703,7.306498743264298
000000000572,3,3.6592505854800937e-06,7.27754731937685
000000000572,4,0.0006586651053864168,7.25373642246994
000000000572,5,0.0008416276346604215,7.219979875837815
000000000575,0,0.03919651559454191,7.897286892622724
000000000575,1,0.005046905458089669,7.689609984743344
000000000575,2,0.0026498538011695905,7.600962890077625
000000000575,3,0.0012335526315789473,7.5200169238744206
000000000575,4,0.0007644980506822612,7.4304929079504465
000000000575,5,0.00044164230019493175,7.381077498735721
000000000581,0,0.009619450317124736,7.560101759536385
000000000581,1,0.005539112050739958,7.451394669817812
000000000581,2,0.0036871035940803385,7.418954046547479
000000000581,3,0.003577167019027484,7.395796002696827
000000000581,4,0.0017124735729386893,7.389487390825826
000000000581,5,0.0013657505285412262,7.368315301465628
000000000584,0,0.012118544600938967,7.834033569688124
000000000584,1,0.00618031103286385,7.817958209222551
000000000584,2,0.005927230046948357,7.817543980678263
000000000584,3,0.0033927523474178403,7.808951764555428
000000000584,4,0.0009609741784037558,7.7970116514629275
000000000584,5,0.0015331572769953052,7.795843315836205
000000000589,0,6.184895833333334e-05,6.3349131529592535
000000000589,1,0.0,6.256479857994845
000000000589,2,0.0,6.235721734613318
000000000589,3,0.0,6.224275914232082
000000000589,4,0.0,6.175284872835711
000000000589,5,0.0,6.166416846224234
000000000590,0,0.012249388753056235,7.177369044017079
000000000590,1,0.001198044009779951,7.056120464189209
000000000590,2,0.0003471882640586797,7.033807113040271
000000000590,3,0.00019559902200488998,6.9640056340091725
000000000590,4,0.0001271393643031785,6.937452610092723
000000000590,5,0.00046943765281173594,6.899068551928688
000000000595,0,0.13942708333333334,7.54001522230811
000000000595,1,0.13244791666666667,7.434530870380204
000000000595,2,0.13138020833333333,7.464107858828615
000000000595,3,0.12741861979166666,7.478762233695477
000000000595,4,0.12649088541666667,7.432064157463087
000000000595,5,0.13812174479166667,7.34237554130881
000000000597,0,0.0015688004032258064,7.644372513432485
000000000597,1,0.00011970766129032257,7.56920056292886
000000000597,2,0.0,7.533989280318085
000000000597,3,0.0,7.49345212652848
000000000597,4,0.0,7.492092893090139
000000000597,5,0.0,7.4837136512932645
000000000599,0,0.014100890663390663,7.213768213924783
000000000599,1,0.003351504914004914,7.171490344530691
000000000599,2,0.0020231879606879607,7.162748203472864
000000000599,3,0.0009828009828009828,7.146870017752212
000000000599,4,0.00044917076167076166,7.131732284465204
000000000599,5,0.0004069410319410319,7.108660090795705
000000000605,0,0.14414713541666666,7.902524236881691
000000000605,1,0.08039388020833334,7.83170946004551
000000000605,2,0.07019205729166667,7.80072481094442
000000000605,3,0.06265625,7.786994214826414
000000000605,4,0.0540234375,7.746922497477578
000000000605,5,0.04753580729166667,7.728225126667569
000000000612,0,0.008785807291666666,7.565470872127137
000000000612,1,0.0009733072916666667,7.490232970050286
000000000612,2,0.00048828125,7.465756136146449
000000000612,3,3.90625e-05,7.440193230063491
000000000612,4,0.0,7.452899572398087
000000000612,5,0.0,7.443562614697404
000000000620,0,0.07162760416666666,7.692512333461368
000000000620,1,0.05168619791666667,7.691777708866112
000000000620,2,0.04321940104166667,7.696602707858537
000000000620,3,0.042565104166666666,7.70488086734658
000000000620,4,0.034931640625,7.705380752704921
000000000620,5,0.037815755208333336,7.707611138801958
000000000623,0,0.0027573333333333334,7.697292531046365
000000000623,1,0.00040533333333333334,7.642473607402544
000000000623,2,0.00042133333333333335,7.635045372833751
000000000623,3,0.00024533333333333335,7.6172931304573135
000000000623,4,0.0,7.593122016540322
000000000623,5,2.1333333333333335e-05,7.596199800131459
000000000625,0,0.025206698430493273,7.588600174582398
000000000625,1,0.012443946188340807,7.449778002521676
000000000625,2,0.008180353139013453,7.398923707894372
000000000625,3,0.004561378923766816,7.349690679887722
000000000625,4,0.0017691984304932734,7.3263816841182265
000000000625,5,0.0012647141255605382,7.301752511911387
000000000626,0,0.042978515625,7.091576123378982
000000000626,1,0.039918619791666665,7.083022818595768
000000000626,2,0.03966145833333334,7.095189679980645
000000000626,3,0.03760091145833333,7.063693097416192
000000000626,4,0.034303385416666665,7.020711115101975
000000000626,5,0.03242513020833333,6.996484848658043
000000000629,0,0.026829625292740047,7.866280201596394
000000000629,1,0.009598214285714286,7.8059649867458285
000000000629,2,0.006901346604215456,7.789403209898783
000000000629,3,0.006088992974238876,7.77004440067884
000000000629,4,0.0049509660421545665,7.751096327892544
000000000629,5,0.003966627634660422,7.727735734944418
000000000634,0,0.0194672131147541,7.691989693860701
000000000634,1,0.015515222482435597,7.690873699993743
000000000634,2,0.012917154566744731,7.714342265612571
000000000634,3,0.012317037470725996,7.723567824177304
000000000634,4,0.009598214285714286,7.733033765271442
000000000634,5,0.010677693208430913,7.711370838342483
000000000636,0,0.014358723958333333,7.638783858786103
000000000636,1,0.012509765625,7.608685833250203
000000000636,2,0.012083333333333333,7.603824842887395
000000000636,3,0.011256510416666667,7.592383936615118
000000000636,4,0.0086328125,7.5791633192588455
000000000636,5,0.00845703125,7.568896032938595
000000000641,0,0.09316223714953271,7.641754752147847
000000000641,1,0.06415011682242991,7.645976190489272
000000000641,2,0.05862660630841122,7.6238476526932875
000000000641,3,0.05559652453271028,7.612858090130786
000000000641,4,0.05308119158878505,7.584193143432065
000000000641,5,0.03838712032710281,7.572407323207967
000000000643,0,0.0035466666666666667,7.643704308587945
000000000643,1,0.0023306666666666667,7.5870385461409855
000000000643,2,0.001344,7.569602667264027
000000000643,3,0.0014986666666666666,7.539947581221483
000000000643,4,0.0002666666666666667,7.537341325717659
000000000643,5,0.0,7.505528035439764
000000000650,0,0.02077356557377049,7.430982141224504
000000000650,1,0.01796326112412178,7.3827674029107335
000000000650,2,0.01766320257611241,7.363265564837915
000000000650,3,0.015189549180327869,7.349982012001037
000000000650,4,0.010384953161592506,7.312171262551835
000000000650,5,0.005324209601873536,7.279733399429125
